<?xml version='1.0' encoding='UTF-8' ?>
<!DOCTYPE toc
  PUBLIC "-//Sun Microsystems Inc.//DTD JavaHelp TOC Version 1.0//EN"
         "http://java.sun.com/products/javahelp/toc_1_0.dtd">

<toc version="1.0">
  <tocitem text="EII market">
  <tocitem text="Inicio" target="inicio" />
  <tocitem text="Primeros pasos" target="primerosPasos" />
  <tocitem text= "Registro nuevo usuario" target="registroUsuario"/>
  <tocitem text="Iniciar sesión" target="iniciarSesion" />
  <tocitem text="Añadir articulos al carrito" target="addArticuloCarrito"/>
  <tocitem text="Ver carrito" target="estadoCarrito"/>
  <tocitem text="Finalizar compra" target="finalizarCompra"/>
</tocitem>
</toc>